slug,asset,question,endDate,eventStartTime,priceToBeat,winningOutcome,outcomePrices,lastTradePrice,volume,openInterest,oneHourPriceChange,spread,umaResolutionStatus,conditionId,resolutionSource,finalPrice,closedTime
bnb-updown-15m-1782259200,BNB,,,2026-06-24T00:00:00Z,,,,,,,,,,,,,
btc-updown-15m-1782259200,BTC,,,2026-06-24T00:00:00Z,,,,,,,,,,,,,
doge-updown-15m-1782259200,DOGE,,,2026-06-24T00:00:00Z,,,,,,,,,,,,,
eth-updown-15m-1782259200,ETH,,,2026-06-24T00:00:00Z,,,,,,,,,,,,,
hype-updown-15m-1782259200,HYPE,,,2026-06-24T00:00:00Z,,,,,,,,,,,,,
sol-updown-15m-1782259200,SOL,,,2026-06-24T00:00:00Z,,,,,,,,,,,,,
xrp-updown-15m-1782259200,XRP,,,2026-06-24T00:00:00Z,,,,,,,,,,,,,
bnb-updown-15m-1782260100,BNB,,,2026-06-24T00:15:00Z,,,,,,,,,,,,,
btc-updown-15m-1782260100,BTC,,,2026-06-24T00:15:00Z,,,,,,,,,,,,,
doge-updown-15m-1782260100,DOGE,,,2026-06-24T00:15:00Z,,,,,,,,,,,,,
eth-updown-15m-1782260100,ETH,,,2026-06-24T00:15:00Z,,,,,,,,,,,,,
hype-updown-15m-1782260100,HYPE,,,2026-06-24T00:15:00Z,,,,,,,,,,,,,
sol-updown-15m-1782260100,SOL,,,2026-06-24T00:15:00Z,,,,,,,,,,,,,
xrp-updown-15m-1782260100,XRP,,,2026-06-24T00:15:00Z,,,,,,,,,,,,,
bnb-updown-15m-1782261000,BNB,,,2026-06-24T00:30:00Z,,,,,,,,,,,,,
btc-updown-15m-1782261000,BTC,,,2026-06-24T00:30:00Z,,,,,,,,,,,,,
doge-updown-15m-1782261000,DOGE,,,2026-06-24T00:30:00Z,,,,,,,,,,,,,
eth-updown-15m-1782261000,ETH,,,2026-06-24T00:30:00Z,,,,,,,,,,,,,
hype-updown-15m-1782261000,HYPE,,,2026-06-24T00:30:00Z,,,,,,,,,,,,,
sol-updown-15m-1782261000,SOL,,,2026-06-24T00:30:00Z,,,,,,,,,,,,,
xrp-updown-15m-1782261000,XRP,,,2026-06-24T00:30:00Z,,,,,,,,,,,,,
bnb-updown-15m-1782261900,BNB,,,2026-06-24T00:45:00Z,,,,,,,,,,,,,
btc-updown-15m-1782261900,BTC,,,2026-06-24T00:45:00Z,,,,,,,,,,,,,
doge-updown-15m-1782261900,DOGE,,,2026-06-24T00:45:00Z,,,,,,,,,,,,,
eth-updown-15m-1782261900,ETH,,,2026-06-24T00:45:00Z,,,,,,,,,,,,,
hype-updown-15m-1782261900,HYPE,,,2026-06-24T00:45:00Z,,,,,,,,,,,,,
sol-updown-15m-1782261900,SOL,,,2026-06-24T00:45:00Z,,,,,,,,,,,,,
xrp-updown-15m-1782261900,XRP,,,2026-06-24T00:45:00Z,,,,,,,,,,,,,
bnb-updown-15m-1782262800,BNB,,,2026-06-24T01:00:00Z,,,,,,,,,,,,,
btc-updown-15m-1782262800,BTC,,,2026-06-24T01:00:00Z,,,,,,,,,,,,,
doge-updown-15m-1782262800,DOGE,,,2026-06-24T01:00:00Z,,,,,,,,,,,,,
eth-updown-15m-1782262800,ETH,,,2026-06-24T01:00:00Z,,,,,,,,,,,,,
hype-updown-15m-1782262800,HYPE,,,2026-06-24T01:00:00Z,,,,,,,,,,,,,
sol-updown-15m-1782262800,SOL,,,2026-06-24T01:00:00Z,,,,,,,,,,,,,
xrp-updown-15m-1782262800,XRP,,,2026-06-24T01:00:00Z,,,,,,,,,,,,,
bnb-updown-15m-1782263700,BNB,,,2026-06-24T01:15:00Z,,,,,,,,,,,,,
btc-updown-15m-1782263700,BTC,,,2026-06-24T01:15:00Z,,,,,,,,,,,,,
doge-updown-15m-1782263700,DOGE,,,2026-06-24T01:15:00Z,,,,,,,,,,,,,
eth-updown-15m-1782263700,ETH,,,2026-06-24T01:15:00Z,,,,,,,,,,,,,
hype-updown-15m-1782263700,HYPE,,,2026-06-24T01:15:00Z,,,,,,,,,,,,,
sol-updown-15m-1782263700,SOL,,,2026-06-24T01:15:00Z,,,,,,,,,,,,,
xrp-updown-15m-1782263700,XRP,,,2026-06-24T01:15:00Z,,,,,,,,,,,,,
bnb-updown-15m-1782264600,BNB,,,2026-06-24T01:30:00Z,,,,,,,,,,,,,
btc-updown-15m-1782264600,BTC,,,2026-06-24T01:30:00Z,,,,,,,,,,,,,
doge-updown-15m-1782264600,DOGE,,,2026-06-24T01:30:00Z,,,,,,,,,,,,,
eth-updown-15m-1782264600,ETH,,,2026-06-24T01:30:00Z,,,,,,,,,,,,,
hype-updown-15m-1782264600,HYPE,,,2026-06-24T01:30:00Z,,,,,,,,,,,,,
sol-updown-15m-1782264600,SOL,,,2026-06-24T01:30:00Z,,,,,,,,,,,,,
xrp-updown-15m-1782264600,XRP,,,2026-06-24T01:30:00Z,,,,,,,,,,,,,
bnb-updown-15m-1782265500,BNB,,,2026-06-24T01:45:00Z,,,,,,,,,,,,,
btc-updown-15m-1782265500,BTC,,,2026-06-24T01:45:00Z,,,,,,,,,,,,,
doge-updown-15m-1782265500,DOGE,,,2026-06-24T01:45:00Z,,,,,,,,,,,,,
eth-updown-15m-1782265500,ETH,,,2026-06-24T01:45:00Z,,,,,,,,,,,,,
hype-updown-15m-1782265500,HYPE,,,2026-06-24T01:45:00Z,,,,,,,,,,,,,
sol-updown-15m-1782265500,SOL,,,2026-06-24T01:45:00Z,,,,,,,,,,,,,
xrp-updown-15m-1782265500,XRP,,,2026-06-24T01:45:00Z,,,,,,,,,,,,,
bnb-updown-15m-1782266400,BNB,,,2026-06-24T02:00:00Z,,,,,,,,,,,,,
btc-updown-15m-1782266400,BTC,,,2026-06-24T02:00:00Z,,,,,,,,,,,,,
doge-updown-15m-1782266400,DOGE,,,2026-06-24T02:00:00Z,,,,,,,,,,,,,
eth-updown-15m-1782266400,ETH,,,2026-06-24T02:00:00Z,,,,,,,,,,,,,
hype-updown-15m-1782266400,HYPE,,,2026-06-24T02:00:00Z,,,,,,,,,,,,,
sol-updown-15m-1782266400,SOL,,,2026-06-24T02:00:00Z,,,,,,,,,,,,,
xrp-updown-15m-1782266400,XRP,,,2026-06-24T02:00:00Z,,,,,,,,,,,,,
bnb-updown-15m-1782267300,BNB,,,2026-06-24T02:15:00Z,,,,,,,,,,,,,
btc-updown-15m-1782267300,BTC,,,2026-06-24T02:15:00Z,,,,,,,,,,,,,
doge-updown-15m-1782267300,DOGE,,,2026-06-24T02:15:00Z,,,,,,,,,,,,,
eth-updown-15m-1782267300,ETH,,,2026-06-24T02:15:00Z,,,,,,,,,,,,,
hype-updown-15m-1782267300,HYPE,,,2026-06-24T02:15:00Z,,,,,,,,,,,,,
sol-updown-15m-1782267300,SOL,,,2026-06-24T02:15:00Z,,,,,,,,,,,,,
xrp-updown-15m-1782267300,XRP,,,2026-06-24T02:15:00Z,,,,,,,,,,,,,
bnb-updown-15m-1782268200,BNB,,,2026-06-24T02:30:00Z,,,,,,,,,,,,,
btc-updown-15m-1782268200,BTC,,,2026-06-24T02:30:00Z,,,,,,,,,,,,,
doge-updown-15m-1782268200,DOGE,,,2026-06-24T02:30:00Z,,,,,,,,,,,,,
eth-updown-15m-1782268200,ETH,,,2026-06-24T02:30:00Z,,,,,,,,,,,,,
hype-updown-15m-1782268200,HYPE,,,2026-06-24T02:30:00Z,,,,,,,,,,,,,
sol-updown-15m-1782268200,SOL,,,2026-06-24T02:30:00Z,,,,,,,,,,,,,
xrp-updown-15m-1782268200,XRP,,,2026-06-24T02:30:00Z,,,,,,,,,,,,,
bnb-updown-15m-1782269100,BNB,,,2026-06-24T02:45:00Z,,,,,,,,,,,,,
btc-updown-15m-1782269100,BTC,,,2026-06-24T02:45:00Z,,,,,,,,,,,,,
doge-updown-15m-1782269100,DOGE,,,2026-06-24T02:45:00Z,,,,,,,,,,,,,
eth-updown-15m-1782269100,ETH,,,2026-06-24T02:45:00Z,,,,,,,,,,,,,
hype-updown-15m-1782269100,HYPE,,,2026-06-24T02:45:00Z,,,,,,,,,,,,,
sol-updown-15m-1782269100,SOL,,,2026-06-24T02:45:00Z,,,,,,,,,,,,,
xrp-updown-15m-1782269100,XRP,,,2026-06-24T02:45:00Z,,,,,,,,,,,,,
bnb-updown-15m-1782270000,BNB,,,2026-06-24T03:00:00Z,,,,,,,,,,,,,
btc-updown-15m-1782270000,BTC,,,2026-06-24T03:00:00Z,,,,,,,,,,,,,
doge-updown-15m-1782270000,DOGE,,,2026-06-24T03:00:00Z,,,,,,,,,,,,,
eth-updown-15m-1782270000,ETH,,,2026-06-24T03:00:00Z,,,,,,,,,,,,,
hype-updown-15m-1782270000,HYPE,,,2026-06-24T03:00:00Z,,,,,,,,,,,,,
sol-updown-15m-1782270000,SOL,,,2026-06-24T03:00:00Z,,,,,,,,,,,,,
xrp-updown-15m-1782270000,XRP,,,2026-06-24T03:00:00Z,,,,,,,,,,,,,
bnb-updown-15m-1782270900,BNB,,,2026-06-24T03:15:00Z,,,,,,,,,,,,,
btc-updown-15m-1782270900,BTC,,,2026-06-24T03:15:00Z,,,,,,,,,,,,,
doge-updown-15m-1782270900,DOGE,,,2026-06-24T03:15:00Z,,,,,,,,,,,,,
eth-updown-15m-1782270900,ETH,,,2026-06-24T03:15:00Z,,,,,,,,,,,,,
hype-updown-15m-1782270900,HYPE,,,2026-06-24T03:15:00Z,,,,,,,,,,,,,
sol-updown-15m-1782270900,SOL,,,2026-06-24T03:15:00Z,,,,,,,,,,,,,
xrp-updown-15m-1782270900,XRP,,,2026-06-24T03:15:00Z,,,,,,,,,,,,,
bnb-updown-15m-1782271800,BNB,,,2026-06-24T03:30:00Z,,,,,,,,,,,,,
btc-updown-15m-1782271800,BTC,,,2026-06-24T03:30:00Z,,,,,,,,,,,,,
doge-updown-15m-1782271800,DOGE,,,2026-06-24T03:30:00Z,,,,,,,,,,,,,
eth-updown-15m-1782271800,ETH,,,2026-06-24T03:30:00Z,,,,,,,,,,,,,
hype-updown-15m-1782271800,HYPE,,,2026-06-24T03:30:00Z,,,,,,,,,,,,,
sol-updown-15m-1782271800,SOL,,,2026-06-24T03:30:00Z,,,,,,,,,,,,,
xrp-updown-15m-1782271800,XRP,,,2026-06-24T03:30:00Z,,,,,,,,,,,,,
bnb-updown-15m-1782272700,BNB,,,2026-06-24T03:45:00Z,,,,,,,,,,,,,
btc-updown-15m-1782272700,BTC,,,2026-06-24T03:45:00Z,,,,,,,,,,,,,
doge-updown-15m-1782272700,DOGE,,,2026-06-24T03:45:00Z,,,,,,,,,,,,,
eth-updown-15m-1782272700,ETH,,,2026-06-24T03:45:00Z,,,,,,,,,,,,,
hype-updown-15m-1782272700,HYPE,,,2026-06-24T03:45:00Z,,,,,,,,,,,,,
sol-updown-15m-1782272700,SOL,,,2026-06-24T03:45:00Z,,,,,,,,,,,,,
xrp-updown-15m-1782272700,XRP,,,2026-06-24T03:45:00Z,,,,,,,,,,,,,
bnb-updown-15m-1782273600,BNB,,,2026-06-24T04:00:00Z,,,,,,,,,,,,,
btc-updown-15m-1782273600,BTC,,,2026-06-24T04:00:00Z,,,,,,,,,,,,,
doge-updown-15m-1782273600,DOGE,,,2026-06-24T04:00:00Z,,,,,,,,,,,,,
eth-updown-15m-1782273600,ETH,,,2026-06-24T04:00:00Z,,,,,,,,,,,,,
hype-updown-15m-1782273600,HYPE,,,2026-06-24T04:00:00Z,,,,,,,,,,,,,
sol-updown-15m-1782273600,SOL,,,2026-06-24T04:00:00Z,,,,,,,,,,,,,
xrp-updown-15m-1782273600,XRP,,,2026-06-24T04:00:00Z,,,,,,,,,,,,,
bnb-updown-15m-1782274500,BNB,,,2026-06-24T04:15:00Z,,,,,,,,,,,,,
btc-updown-15m-1782274500,BTC,,,2026-06-24T04:15:00Z,,,,,,,,,,,,,
doge-updown-15m-1782274500,DOGE,,,2026-06-24T04:15:00Z,,,,,,,,,,,,,
eth-updown-15m-1782274500,ETH,,,2026-06-24T04:15:00Z,,,,,,,,,,,,,
hype-updown-15m-1782274500,HYPE,,,2026-06-24T04:15:00Z,,,,,,,,,,,,,
sol-updown-15m-1782274500,SOL,,,2026-06-24T04:15:00Z,,,,,,,,,,,,,
xrp-updown-15m-1782274500,XRP,,,2026-06-24T04:15:00Z,,,,,,,,,,,,,
bnb-updown-15m-1782275400,BNB,,,2026-06-24T04:30:00Z,,,,,,,,,,,,,
btc-updown-15m-1782275400,BTC,,,2026-06-24T04:30:00Z,,,,,,,,,,,,,
doge-updown-15m-1782275400,DOGE,,,2026-06-24T04:30:00Z,,,,,,,,,,,,,
eth-updown-15m-1782275400,ETH,,,2026-06-24T04:30:00Z,,,,,,,,,,,,,
hype-updown-15m-1782275400,HYPE,,,2026-06-24T04:30:00Z,,,,,,,,,,,,,
sol-updown-15m-1782275400,SOL,,,2026-06-24T04:30:00Z,,,,,,,,,,,,,
xrp-updown-15m-1782275400,XRP,,,2026-06-24T04:30:00Z,,,,,,,,,,,,,
bnb-updown-15m-1782276300,BNB,,,2026-06-24T04:45:00Z,,,,,,,,,,,,,
btc-updown-15m-1782276300,BTC,,,2026-06-24T04:45:00Z,,,,,,,,,,,,,
doge-updown-15m-1782276300,DOGE,,,2026-06-24T04:45:00Z,,,,,,,,,,,,,
eth-updown-15m-1782276300,ETH,,,2026-06-24T04:45:00Z,,,,,,,,,,,,,
hype-updown-15m-1782276300,HYPE,,,2026-06-24T04:45:00Z,,,,,,,,,,,,,
sol-updown-15m-1782276300,SOL,,,2026-06-24T04:45:00Z,,,,,,,,,,,,,
xrp-updown-15m-1782276300,XRP,,,2026-06-24T04:45:00Z,,,,,,,,,,,,,
bnb-updown-15m-1782277200,BNB,,,2026-06-24T05:00:00Z,,,,,,,,,,,,,
btc-updown-15m-1782277200,BTC,,,2026-06-24T05:00:00Z,,,,,,,,,,,,,
doge-updown-15m-1782277200,DOGE,,,2026-06-24T05:00:00Z,,,,,,,,,,,,,
eth-updown-15m-1782277200,ETH,,,2026-06-24T05:00:00Z,,,,,,,,,,,,,
hype-updown-15m-1782277200,HYPE,,,2026-06-24T05:00:00Z,,,,,,,,,,,,,
sol-updown-15m-1782277200,SOL,,,2026-06-24T05:00:00Z,,,,,,,,,,,,,
xrp-updown-15m-1782277200,XRP,,,2026-06-24T05:00:00Z,,,,,,,,,,,,,
bnb-updown-15m-1782278100,BNB,,,2026-06-24T05:15:00Z,,,,,,,,,,,,,
btc-updown-15m-1782278100,BTC,,,2026-06-24T05:15:00Z,,,,,,,,,,,,,
doge-updown-15m-1782278100,DOGE,,,2026-06-24T05:15:00Z,,,,,,,,,,,,,
eth-updown-15m-1782278100,ETH,,,2026-06-24T05:15:00Z,,,,,,,,,,,,,
hype-updown-15m-1782278100,HYPE,,,2026-06-24T05:15:00Z,,,,,,,,,,,,,
sol-updown-15m-1782278100,SOL,,,2026-06-24T05:15:00Z,,,,,,,,,,,,,
xrp-updown-15m-1782278100,XRP,,,2026-06-24T05:15:00Z,,,,,,,,,,,,,
bnb-updown-15m-1782279000,BNB,,,2026-06-24T05:30:00Z,,,,,,,,,,,,,
btc-updown-15m-1782279000,BTC,,,2026-06-24T05:30:00Z,,,,,,,,,,,,,
doge-updown-15m-1782279000,DOGE,,,2026-06-24T05:30:00Z,,,,,,,,,,,,,
eth-updown-15m-1782279000,ETH,,,2026-06-24T05:30:00Z,,,,,,,,,,,,,
hype-updown-15m-1782279000,HYPE,,,2026-06-24T05:30:00Z,,,,,,,,,,,,,
sol-updown-15m-1782279000,SOL,,,2026-06-24T05:30:00Z,,,,,,,,,,,,,
xrp-updown-15m-1782279000,XRP,,,2026-06-24T05:30:00Z,,,,,,,,,,,,,
bnb-updown-15m-1782279900,BNB,,,2026-06-24T05:45:00Z,,,,,,,,,,,,,
btc-updown-15m-1782279900,BTC,,,2026-06-24T05:45:00Z,,,,,,,,,,,,,
doge-updown-15m-1782279900,DOGE,,,2026-06-24T05:45:00Z,,,,,,,,,,,,,
eth-updown-15m-1782279900,ETH,,,2026-06-24T05:45:00Z,,,,,,,,,,,,,
hype-updown-15m-1782279900,HYPE,,,2026-06-24T05:45:00Z,,,,,,,,,,,,,
sol-updown-15m-1782279900,SOL,,,2026-06-24T05:45:00Z,,,,,,,,,,,,,
xrp-updown-15m-1782279900,XRP,,,2026-06-24T05:45:00Z,,,,,,,,,,,,,
bnb-updown-15m-1782280800,BNB,,,2026-06-24T06:00:00Z,,,,,,,,,,,,,
btc-updown-15m-1782280800,BTC,,,2026-06-24T06:00:00Z,,,,,,,,,,,,,
doge-updown-15m-1782280800,DOGE,,,2026-06-24T06:00:00Z,,,,,,,,,,,,,
eth-updown-15m-1782280800,ETH,,,2026-06-24T06:00:00Z,,,,,,,,,,,,,
hype-updown-15m-1782280800,HYPE,,,2026-06-24T06:00:00Z,,,,,,,,,,,,,
sol-updown-15m-1782280800,SOL,,,2026-06-24T06:00:00Z,,,,,,,,,,,,,
xrp-updown-15m-1782280800,XRP,,,2026-06-24T06:00:00Z,,,,,,,,,,,,,
bnb-updown-15m-1782281700,BNB,,,2026-06-24T06:15:00Z,,,,,,,,,,,,,
btc-updown-15m-1782281700,BTC,,,2026-06-24T06:15:00Z,,,,,,,,,,,,,
doge-updown-15m-1782281700,DOGE,,,2026-06-24T06:15:00Z,,,,,,,,,,,,,
eth-updown-15m-1782281700,ETH,,,2026-06-24T06:15:00Z,,,,,,,,,,,,,
hype-updown-15m-1782281700,HYPE,,,2026-06-24T06:15:00Z,,,,,,,,,,,,,
sol-updown-15m-1782281700,SOL,,,2026-06-24T06:15:00Z,,,,,,,,,,,,,
xrp-updown-15m-1782281700,XRP,,,2026-06-24T06:15:00Z,,,,,,,,,,,,,
bnb-updown-15m-1782282600,BNB,,,2026-06-24T06:30:00Z,,,,,,,,,,,,,
btc-updown-15m-1782282600,BTC,,,2026-06-24T06:30:00Z,,,,,,,,,,,,,
doge-updown-15m-1782282600,DOGE,,,2026-06-24T06:30:00Z,,,,,,,,,,,,,
eth-updown-15m-1782282600,ETH,,,2026-06-24T06:30:00Z,,,,,,,,,,,,,
hype-updown-15m-1782282600,HYPE,,,2026-06-24T06:30:00Z,,,,,,,,,,,,,
sol-updown-15m-1782282600,SOL,,,2026-06-24T06:30:00Z,,,,,,,,,,,,,
xrp-updown-15m-1782282600,XRP,,,2026-06-24T06:30:00Z,,,,,,,,,,,,,
bnb-updown-15m-1782283500,BNB,,,2026-06-24T06:45:00Z,,,,,,,,,,,,,
btc-updown-15m-1782283500,BTC,,,2026-06-24T06:45:00Z,,,,,,,,,,,,,
doge-updown-15m-1782283500,DOGE,,,2026-06-24T06:45:00Z,,,,,,,,,,,,,
eth-updown-15m-1782283500,ETH,,,2026-06-24T06:45:00Z,,,,,,,,,,,,,
hype-updown-15m-1782283500,HYPE,,,2026-06-24T06:45:00Z,,,,,,,,,,,,,
sol-updown-15m-1782283500,SOL,,,2026-06-24T06:45:00Z,,,,,,,,,,,,,
xrp-updown-15m-1782283500,XRP,,,2026-06-24T06:45:00Z,,,,,,,,,,,,,
bnb-updown-15m-1782284400,BNB,,,2026-06-24T07:00:00Z,,,,,,,,,,,,,
btc-updown-15m-1782284400,BTC,,,2026-06-24T07:00:00Z,,,,,,,,,,,,,
doge-updown-15m-1782284400,DOGE,,,2026-06-24T07:00:00Z,,,,,,,,,,,,,
eth-updown-15m-1782284400,ETH,,,2026-06-24T07:00:00Z,,,,,,,,,,,,,
hype-updown-15m-1782284400,HYPE,,,2026-06-24T07:00:00Z,,,,,,,,,,,,,
sol-updown-15m-1782284400,SOL,,,2026-06-24T07:00:00Z,,,,,,,,,,,,,
xrp-updown-15m-1782284400,XRP,,,2026-06-24T07:00:00Z,,,,,,,,,,,,,
bnb-updown-15m-1782285300,BNB,,,2026-06-24T07:15:00Z,,,,,,,,,,,,,
btc-updown-15m-1782285300,BTC,,,2026-06-24T07:15:00Z,,,,,,,,,,,,,
doge-updown-15m-1782285300,DOGE,,,2026-06-24T07:15:00Z,,,,,,,,,,,,,
eth-updown-15m-1782285300,ETH,,,2026-06-24T07:15:00Z,,,,,,,,,,,,,
hype-updown-15m-1782285300,HYPE,,,2026-06-24T07:15:00Z,,,,,,,,,,,,,
sol-updown-15m-1782285300,SOL,,,2026-06-24T07:15:00Z,,,,,,,,,,,,,
xrp-updown-15m-1782285300,XRP,,,2026-06-24T07:15:00Z,,,,,,,,,,,,,
bnb-updown-15m-1782286200,BNB,,,2026-06-24T07:30:00Z,,,,,,,,,,,,,
btc-updown-15m-1782286200,BTC,,,2026-06-24T07:30:00Z,,,,,,,,,,,,,
doge-updown-15m-1782286200,DOGE,,,2026-06-24T07:30:00Z,,,,,,,,,,,,,
eth-updown-15m-1782286200,ETH,,,2026-06-24T07:30:00Z,,,,,,,,,,,,,
hype-updown-15m-1782286200,HYPE,,,2026-06-24T07:30:00Z,,,,,,,,,,,,,
sol-updown-15m-1782286200,SOL,,,2026-06-24T07:30:00Z,,,,,,,,,,,,,
xrp-updown-15m-1782286200,XRP,,,2026-06-24T07:30:00Z,,,,,,,,,,,,,
bnb-updown-15m-1782287100,BNB,,,2026-06-24T07:45:00Z,,,,,,,,,,,,,
btc-updown-15m-1782287100,BTC,,,2026-06-24T07:45:00Z,,,,,,,,,,,,,
doge-updown-15m-1782287100,DOGE,,,2026-06-24T07:45:00Z,,,,,,,,,,,,,
eth-updown-15m-1782287100,ETH,,,2026-06-24T07:45:00Z,,,,,,,,,,,,,
hype-updown-15m-1782287100,HYPE,,,2026-06-24T07:45:00Z,,,,,,,,,,,,,
sol-updown-15m-1782287100,SOL,,,2026-06-24T07:45:00Z,,,,,,,,,,,,,
xrp-updown-15m-1782287100,XRP,,,2026-06-24T07:45:00Z,,,,,,,,,,,,,
bnb-updown-15m-1782288000,BNB,,,2026-06-24T08:00:00Z,,,,,,,,,,,,,
btc-updown-15m-1782288000,BTC,,,2026-06-24T08:00:00Z,,,,,,,,,,,,,
doge-updown-15m-1782288000,DOGE,,,2026-06-24T08:00:00Z,,,,,,,,,,,,,
eth-updown-15m-1782288000,ETH,,,2026-06-24T08:00:00Z,,,,,,,,,,,,,
hype-updown-15m-1782288000,HYPE,,,2026-06-24T08:00:00Z,,,,,,,,,,,,,
sol-updown-15m-1782288000,SOL,,,2026-06-24T08:00:00Z,,,,,,,,,,,,,
xrp-updown-15m-1782288000,XRP,,,2026-06-24T08:00:00Z,,,,,,,,,,,,,
bnb-updown-15m-1782288900,BNB,,,2026-06-24T08:15:00Z,,,,,,,,,,,,,
btc-updown-15m-1782288900,BTC,,,2026-06-24T08:15:00Z,,,,,,,,,,,,,
doge-updown-15m-1782288900,DOGE,,,2026-06-24T08:15:00Z,,,,,,,,,,,,,
eth-updown-15m-1782288900,ETH,,,2026-06-24T08:15:00Z,,,,,,,,,,,,,
hype-updown-15m-1782288900,HYPE,,,2026-06-24T08:15:00Z,,,,,,,,,,,,,
sol-updown-15m-1782288900,SOL,,,2026-06-24T08:15:00Z,,,,,,,,,,,,,
xrp-updown-15m-1782288900,XRP,,,2026-06-24T08:15:00Z,,,,,,,,,,,,,
bnb-updown-15m-1782289800,BNB,,,2026-06-24T08:30:00Z,,,,,,,,,,,,,
btc-updown-15m-1782289800,BTC,,,2026-06-24T08:30:00Z,,,,,,,,,,,,,
doge-updown-15m-1782289800,DOGE,,,2026-06-24T08:30:00Z,,,,,,,,,,,,,
eth-updown-15m-1782289800,ETH,,,2026-06-24T08:30:00Z,,,,,,,,,,,,,
hype-updown-15m-1782289800,HYPE,,,2026-06-24T08:30:00Z,,,,,,,,,,,,,
sol-updown-15m-1782289800,SOL,,,2026-06-24T08:30:00Z,,,,,,,,,,,,,
xrp-updown-15m-1782289800,XRP,,,2026-06-24T08:30:00Z,,,,,,,,,,,,,
bnb-updown-15m-1782290700,BNB,,,2026-06-24T08:45:00Z,,,,,,,,,,,,,
btc-updown-15m-1782290700,BTC,,,2026-06-24T08:45:00Z,,,,,,,,,,,,,
doge-updown-15m-1782290700,DOGE,,,2026-06-24T08:45:00Z,,,,,,,,,,,,,
eth-updown-15m-1782290700,ETH,,,2026-06-24T08:45:00Z,,,,,,,,,,,,,
hype-updown-15m-1782290700,HYPE,,,2026-06-24T08:45:00Z,,,,,,,,,,,,,
sol-updown-15m-1782290700,SOL,,,2026-06-24T08:45:00Z,,,,,,,,,,,,,
xrp-updown-15m-1782290700,XRP,,,2026-06-24T08:45:00Z,,,,,,,,,,,,,
bnb-updown-15m-1782291600,BNB,,,2026-06-24T09:00:00Z,,,,,,,,,,,,,
btc-updown-15m-1782291600,BTC,,,2026-06-24T09:00:00Z,,,,,,,,,,,,,
doge-updown-15m-1782291600,DOGE,,,2026-06-24T09:00:00Z,,,,,,,,,,,,,
eth-updown-15m-1782291600,ETH,,,2026-06-24T09:00:00Z,,,,,,,,,,,,,
hype-updown-15m-1782291600,HYPE,,,2026-06-24T09:00:00Z,,,,,,,,,,,,,
sol-updown-15m-1782291600,SOL,,,2026-06-24T09:00:00Z,,,,,,,,,,,,,
xrp-updown-15m-1782291600,XRP,,,2026-06-24T09:00:00Z,,,,,,,,,,,,,
bnb-updown-15m-1782292500,BNB,,,2026-06-24T09:15:00Z,,,,,,,,,,,,,
btc-updown-15m-1782292500,BTC,,,2026-06-24T09:15:00Z,,,,,,,,,,,,,
doge-updown-15m-1782292500,DOGE,,,2026-06-24T09:15:00Z,,,,,,,,,,,,,
eth-updown-15m-1782292500,ETH,,,2026-06-24T09:15:00Z,,,,,,,,,,,,,
hype-updown-15m-1782292500,HYPE,,,2026-06-24T09:15:00Z,,,,,,,,,,,,,
sol-updown-15m-1782292500,SOL,,,2026-06-24T09:15:00Z,,,,,,,,,,,,,
xrp-updown-15m-1782292500,XRP,,,2026-06-24T09:15:00Z,,,,,,,,,,,,,
bnb-updown-15m-1782293400,BNB,,,2026-06-24T09:30:00Z,,,,,,,,,,,,,
btc-updown-15m-1782293400,BTC,,,2026-06-24T09:30:00Z,,,,,,,,,,,,,
doge-updown-15m-1782293400,DOGE,,,2026-06-24T09:30:00Z,,,,,,,,,,,,,
eth-updown-15m-1782293400,ETH,,,2026-06-24T09:30:00Z,,,,,,,,,,,,,
hype-updown-15m-1782293400,HYPE,,,2026-06-24T09:30:00Z,,,,,,,,,,,,,
sol-updown-15m-1782293400,SOL,,,2026-06-24T09:30:00Z,,,,,,,,,,,,,
xrp-updown-15m-1782293400,XRP,,,2026-06-24T09:30:00Z,,,,,,,,,,,,,
bnb-updown-15m-1782294300,BNB,,,2026-06-24T09:45:00Z,,,,,,,,,,,,,
btc-updown-15m-1782294300,BTC,,,2026-06-24T09:45:00Z,,,,,,,,,,,,,
doge-updown-15m-1782294300,DOGE,,,2026-06-24T09:45:00Z,,,,,,,,,,,,,
eth-updown-15m-1782294300,ETH,,,2026-06-24T09:45:00Z,,,,,,,,,,,,,
hype-updown-15m-1782294300,HYPE,,,2026-06-24T09:45:00Z,,,,,,,,,,,,,
sol-updown-15m-1782294300,SOL,,,2026-06-24T09:45:00Z,,,,,,,,,,,,,
xrp-updown-15m-1782294300,XRP,,,2026-06-24T09:45:00Z,,,,,,,,,,,,,
bnb-updown-15m-1782295200,BNB,,,2026-06-24T10:00:00Z,,,,,,,,,,,,,
btc-updown-15m-1782295200,BTC,,,2026-06-24T10:00:00Z,,,,,,,,,,,,,
doge-updown-15m-1782295200,DOGE,,,2026-06-24T10:00:00Z,,,,,,,,,,,,,
eth-updown-15m-1782295200,ETH,,,2026-06-24T10:00:00Z,,,,,,,,,,,,,
hype-updown-15m-1782295200,HYPE,,,2026-06-24T10:00:00Z,,,,,,,,,,,,,
sol-updown-15m-1782295200,SOL,,,2026-06-24T10:00:00Z,,,,,,,,,,,,,
xrp-updown-15m-1782295200,XRP,,,2026-06-24T10:00:00Z,,,,,,,,,,,,,
bnb-updown-15m-1782296100,BNB,,,2026-06-24T10:15:00Z,,,,,,,,,,,,,
btc-updown-15m-1782296100,BTC,,,2026-06-24T10:15:00Z,,,,,,,,,,,,,
doge-updown-15m-1782296100,DOGE,,,2026-06-24T10:15:00Z,,,,,,,,,,,,,
eth-updown-15m-1782296100,ETH,,,2026-06-24T10:15:00Z,,,,,,,,,,,,,
hype-updown-15m-1782296100,HYPE,,,2026-06-24T10:15:00Z,,,,,,,,,,,,,
sol-updown-15m-1782296100,SOL,,,2026-06-24T10:15:00Z,,,,,,,,,,,,,
xrp-updown-15m-1782296100,XRP,,,2026-06-24T10:15:00Z,,,,,,,,,,,,,
bnb-updown-15m-1782297000,BNB,,,2026-06-24T10:30:00Z,,,,,,,,,,,,,
btc-updown-15m-1782297000,BTC,,,2026-06-24T10:30:00Z,,,,,,,,,,,,,
doge-updown-15m-1782297000,DOGE,,,2026-06-24T10:30:00Z,,,,,,,,,,,,,
eth-updown-15m-1782297000,ETH,,,2026-06-24T10:30:00Z,,,,,,,,,,,,,
hype-updown-15m-1782297000,HYPE,,,2026-06-24T10:30:00Z,,,,,,,,,,,,,
sol-updown-15m-1782297000,SOL,,,2026-06-24T10:30:00Z,,,,,,,,,,,,,
xrp-updown-15m-1782297000,XRP,,,2026-06-24T10:30:00Z,,,,,,,,,,,,,
bnb-updown-15m-1782297900,BNB,,,2026-06-24T10:45:00Z,,,,,,,,,,,,,
btc-updown-15m-1782297900,BTC,,,2026-06-24T10:45:00Z,,,,,,,,,,,,,
doge-updown-15m-1782297900,DOGE,,,2026-06-24T10:45:00Z,,,,,,,,,,,,,
eth-updown-15m-1782297900,ETH,,,2026-06-24T10:45:00Z,,,,,,,,,,,,,
hype-updown-15m-1782297900,HYPE,,,2026-06-24T10:45:00Z,,,,,,,,,,,,,
sol-updown-15m-1782297900,SOL,,,2026-06-24T10:45:00Z,,,,,,,,,,,,,
xrp-updown-15m-1782297900,XRP,,,2026-06-24T10:45:00Z,,,,,,,,,,,,,
bnb-updown-15m-1782298800,BNB,,,2026-06-24T11:00:00Z,,,,,,,,,,,,,
btc-updown-15m-1782298800,BTC,,,2026-06-24T11:00:00Z,,,,,,,,,,,,,
doge-updown-15m-1782298800,DOGE,,,2026-06-24T11:00:00Z,,,,,,,,,,,,,
eth-updown-15m-1782298800,ETH,,,2026-06-24T11:00:00Z,,,,,,,,,,,,,
hype-updown-15m-1782298800,HYPE,,,2026-06-24T11:00:00Z,,,,,,,,,,,,,
sol-updown-15m-1782298800,SOL,,,2026-06-24T11:00:00Z,,,,,,,,,,,,,
xrp-updown-15m-1782298800,XRP,,,2026-06-24T11:00:00Z,,,,,,,,,,,,,
bnb-updown-15m-1782299700,BNB,,,2026-06-24T11:15:00Z,,,,,,,,,,,,,
btc-updown-15m-1782299700,BTC,,,2026-06-24T11:15:00Z,,,,,,,,,,,,,
doge-updown-15m-1782299700,DOGE,,,2026-06-24T11:15:00Z,,,,,,,,,,,,,
eth-updown-15m-1782299700,ETH,,,2026-06-24T11:15:00Z,,,,,,,,,,,,,
hype-updown-15m-1782299700,HYPE,,,2026-06-24T11:15:00Z,,,,,,,,,,,,,
sol-updown-15m-1782299700,SOL,,,2026-06-24T11:15:00Z,,,,,,,,,,,,,
xrp-updown-15m-1782299700,XRP,,,2026-06-24T11:15:00Z,,,,,,,,,,,,,
bnb-updown-15m-1782300600,BNB,,,2026-06-24T11:30:00Z,,,,,,,,,,,,,
btc-updown-15m-1782300600,BTC,,,2026-06-24T11:30:00Z,,,,,,,,,,,,,
doge-updown-15m-1782300600,DOGE,,,2026-06-24T11:30:00Z,,,,,,,,,,,,,
eth-updown-15m-1782300600,ETH,,,2026-06-24T11:30:00Z,,,,,,,,,,,,,
hype-updown-15m-1782300600,HYPE,,,2026-06-24T11:30:00Z,,,,,,,,,,,,,
sol-updown-15m-1782300600,SOL,,,2026-06-24T11:30:00Z,,,,,,,,,,,,,
xrp-updown-15m-1782300600,XRP,,,2026-06-24T11:30:00Z,,,,,,,,,,,,,
bnb-updown-15m-1782301500,BNB,,,2026-06-24T11:45:00Z,,,,,,,,,,,,,
btc-updown-15m-1782301500,BTC,,,2026-06-24T11:45:00Z,,,,,,,,,,,,,
doge-updown-15m-1782301500,DOGE,,,2026-06-24T11:45:00Z,,,,,,,,,,,,,
eth-updown-15m-1782301500,ETH,,,2026-06-24T11:45:00Z,,,,,,,,,,,,,
hype-updown-15m-1782301500,HYPE,,,2026-06-24T11:45:00Z,,,,,,,,,,,,,
sol-updown-15m-1782301500,SOL,,,2026-06-24T11:45:00Z,,,,,,,,,,,,,
xrp-updown-15m-1782301500,XRP,,,2026-06-24T11:45:00Z,,,,,,,,,,,,,
bnb-updown-15m-1782302400,BNB,,,2026-06-24T12:00:00Z,,,,,,,,,,,,,
btc-updown-15m-1782302400,BTC,,,2026-06-24T12:00:00Z,,,,,,,,,,,,,
doge-updown-15m-1782302400,DOGE,,,2026-06-24T12:00:00Z,,,,,,,,,,,,,
eth-updown-15m-1782302400,ETH,,,2026-06-24T12:00:00Z,,,,,,,,,,,,,
hype-updown-15m-1782302400,HYPE,,,2026-06-24T12:00:00Z,,,,,,,,,,,,,
sol-updown-15m-1782302400,SOL,,,2026-06-24T12:00:00Z,,,,,,,,,,,,,
xrp-updown-15m-1782302400,XRP,,,2026-06-24T12:00:00Z,,,,,,,,,,,,,
bnb-updown-15m-1782303300,BNB,,,2026-06-24T12:15:00Z,,,,,,,,,,,,,
btc-updown-15m-1782303300,BTC,,,2026-06-24T12:15:00Z,,,,,,,,,,,,,
doge-updown-15m-1782303300,DOGE,,,2026-06-24T12:15:00Z,,,,,,,,,,,,,
eth-updown-15m-1782303300,ETH,,,2026-06-24T12:15:00Z,,,,,,,,,,,,,
hype-updown-15m-1782303300,HYPE,,,2026-06-24T12:15:00Z,,,,,,,,,,,,,
sol-updown-15m-1782303300,SOL,,,2026-06-24T12:15:00Z,,,,,,,,,,,,,
xrp-updown-15m-1782303300,XRP,,,2026-06-24T12:15:00Z,,,,,,,,,,,,,
bnb-updown-15m-1782304200,BNB,,,2026-06-24T12:30:00Z,,,,,,,,,,,,,
btc-updown-15m-1782304200,BTC,,,2026-06-24T12:30:00Z,,,,,,,,,,,,,
doge-updown-15m-1782304200,DOGE,,,2026-06-24T12:30:00Z,,,,,,,,,,,,,
eth-updown-15m-1782304200,ETH,,,2026-06-24T12:30:00Z,,,,,,,,,,,,,
hype-updown-15m-1782304200,HYPE,,,2026-06-24T12:30:00Z,,,,,,,,,,,,,
sol-updown-15m-1782304200,SOL,,,2026-06-24T12:30:00Z,,,,,,,,,,,,,
xrp-updown-15m-1782304200,XRP,,,2026-06-24T12:30:00Z,,,,,,,,,,,,,
bnb-updown-15m-1782305100,BNB,,,2026-06-24T12:45:00Z,,,,,,,,,,,,,
btc-updown-15m-1782305100,BTC,,,2026-06-24T12:45:00Z,,,,,,,,,,,,,
doge-updown-15m-1782305100,DOGE,,,2026-06-24T12:45:00Z,,,,,,,,,,,,,
eth-updown-15m-1782305100,ETH,,,2026-06-24T12:45:00Z,,,,,,,,,,,,,
hype-updown-15m-1782305100,HYPE,,,2026-06-24T12:45:00Z,,,,,,,,,,,,,
sol-updown-15m-1782305100,SOL,,,2026-06-24T12:45:00Z,,,,,,,,,,,,,
xrp-updown-15m-1782305100,XRP,,,2026-06-24T12:45:00Z,,,,,,,,,,,,,
bnb-updown-15m-1782306000,BNB,,,2026-06-24T13:00:00Z,,,,,,,,,,,,,
btc-updown-15m-1782306000,BTC,,,2026-06-24T13:00:00Z,,,,,,,,,,,,,
doge-updown-15m-1782306000,DOGE,,,2026-06-24T13:00:00Z,,,,,,,,,,,,,
eth-updown-15m-1782306000,ETH,,,2026-06-24T13:00:00Z,,,,,,,,,,,,,
hype-updown-15m-1782306000,HYPE,,,2026-06-24T13:00:00Z,,,,,,,,,,,,,
sol-updown-15m-1782306000,SOL,,,2026-06-24T13:00:00Z,,,,,,,,,,,,,
xrp-updown-15m-1782306000,XRP,,,2026-06-24T13:00:00Z,,,,,,,,,,,,,
bnb-updown-15m-1782306900,BNB,,,2026-06-24T13:15:00Z,,,,,,,,,,,,,
btc-updown-15m-1782306900,BTC,,,2026-06-24T13:15:00Z,,,,,,,,,,,,,
doge-updown-15m-1782306900,DOGE,,,2026-06-24T13:15:00Z,,,,,,,,,,,,,
eth-updown-15m-1782306900,ETH,,,2026-06-24T13:15:00Z,,,,,,,,,,,,,
hype-updown-15m-1782306900,HYPE,,,2026-06-24T13:15:00Z,,,,,,,,,,,,,
sol-updown-15m-1782306900,SOL,,,2026-06-24T13:15:00Z,,,,,,,,,,,,,
xrp-updown-15m-1782306900,XRP,,,2026-06-24T13:15:00Z,,,,,,,,,,,,,
bnb-updown-15m-1782307800,BNB,,,2026-06-24T13:30:00Z,,,,,,,,,,,,,
btc-updown-15m-1782307800,BTC,,,2026-06-24T13:30:00Z,,,,,,,,,,,,,
doge-updown-15m-1782307800,DOGE,,,2026-06-24T13:30:00Z,,,,,,,,,,,,,
eth-updown-15m-1782307800,ETH,,,2026-06-24T13:30:00Z,,,,,,,,,,,,,
hype-updown-15m-1782307800,HYPE,,,2026-06-24T13:30:00Z,,,,,,,,,,,,,
sol-updown-15m-1782307800,SOL,,,2026-06-24T13:30:00Z,,,,,,,,,,,,,
xrp-updown-15m-1782307800,XRP,,,2026-06-24T13:30:00Z,,,,,,,,,,,,,
bnb-updown-15m-1782308700,BNB,,,2026-06-24T13:45:00Z,,,,,,,,,,,,,
btc-updown-15m-1782308700,BTC,,,2026-06-24T13:45:00Z,,,,,,,,,,,,,
doge-updown-15m-1782308700,DOGE,,,2026-06-24T13:45:00Z,,,,,,,,,,,,,
eth-updown-15m-1782308700,ETH,,,2026-06-24T13:45:00Z,,,,,,,,,,,,,
hype-updown-15m-1782308700,HYPE,,,2026-06-24T13:45:00Z,,,,,,,,,,,,,
sol-updown-15m-1782308700,SOL,,,2026-06-24T13:45:00Z,,,,,,,,,,,,,
xrp-updown-15m-1782308700,XRP,,,2026-06-24T13:45:00Z,,,,,,,,,,,,,
bnb-updown-15m-1782309600,BNB,,,2026-06-24T14:00:00Z,,,,,,,,,,,,,
btc-updown-15m-1782309600,BTC,,,2026-06-24T14:00:00Z,,,,,,,,,,,,,
doge-updown-15m-1782309600,DOGE,,,2026-06-24T14:00:00Z,,,,,,,,,,,,,
eth-updown-15m-1782309600,ETH,,,2026-06-24T14:00:00Z,,,,,,,,,,,,,
hype-updown-15m-1782309600,HYPE,,,2026-06-24T14:00:00Z,,,,,,,,,,,,,
sol-updown-15m-1782309600,SOL,,,2026-06-24T14:00:00Z,,,,,,,,,,,,,
xrp-updown-15m-1782309600,XRP,,,2026-06-24T14:00:00Z,,,,,,,,,,,,,
bnb-updown-15m-1782310500,BNB,,,2026-06-24T14:15:00Z,,,,,,,,,,,,,
btc-updown-15m-1782310500,BTC,,,2026-06-24T14:15:00Z,,,,,,,,,,,,,
doge-updown-15m-1782310500,DOGE,,,2026-06-24T14:15:00Z,,,,,,,,,,,,,
eth-updown-15m-1782310500,ETH,,,2026-06-24T14:15:00Z,,,,,,,,,,,,,
hype-updown-15m-1782310500,HYPE,,,2026-06-24T14:15:00Z,,,,,,,,,,,,,
sol-updown-15m-1782310500,SOL,,,2026-06-24T14:15:00Z,,,,,,,,,,,,,
xrp-updown-15m-1782310500,XRP,,,2026-06-24T14:15:00Z,,,,,,,,,,,,,
bnb-updown-15m-1782311400,BNB,,,2026-06-24T14:30:00Z,,,,,,,,,,,,,
btc-updown-15m-1782311400,BTC,,,2026-06-24T14:30:00Z,,,,,,,,,,,,,
doge-updown-15m-1782311400,DOGE,,,2026-06-24T14:30:00Z,,,,,,,,,,,,,
eth-updown-15m-1782311400,ETH,,,2026-06-24T14:30:00Z,,,,,,,,,,,,,
hype-updown-15m-1782311400,HYPE,,,2026-06-24T14:30:00Z,,,,,,,,,,,,,
sol-updown-15m-1782311400,SOL,,,2026-06-24T14:30:00Z,,,,,,,,,,,,,
xrp-updown-15m-1782311400,XRP,,,2026-06-24T14:30:00Z,,,,,,,,,,,,,
bnb-updown-15m-1782312300,BNB,,,2026-06-24T14:45:00Z,,,,,,,,,,,,,
btc-updown-15m-1782312300,BTC,,,2026-06-24T14:45:00Z,,,,,,,,,,,,,
doge-updown-15m-1782312300,DOGE,,,2026-06-24T14:45:00Z,,,,,,,,,,,,,
eth-updown-15m-1782312300,ETH,,,2026-06-24T14:45:00Z,,,,,,,,,,,,,
hype-updown-15m-1782312300,HYPE,,,2026-06-24T14:45:00Z,,,,,,,,,,,,,
sol-updown-15m-1782312300,SOL,,,2026-06-24T14:45:00Z,,,,,,,,,,,,,
xrp-updown-15m-1782312300,XRP,,,2026-06-24T14:45:00Z,,,,,,,,,,,,,
bnb-updown-15m-1782313200,BNB,,,2026-06-24T15:00:00Z,,,,,,,,,,,,,
btc-updown-15m-1782313200,BTC,,,2026-06-24T15:00:00Z,,,,,,,,,,,,,
doge-updown-15m-1782313200,DOGE,,,2026-06-24T15:00:00Z,,,,,,,,,,,,,
eth-updown-15m-1782313200,ETH,,,2026-06-24T15:00:00Z,,,,,,,,,,,,,
hype-updown-15m-1782313200,HYPE,,,2026-06-24T15:00:00Z,,,,,,,,,,,,,
sol-updown-15m-1782313200,SOL,,,2026-06-24T15:00:00Z,,,,,,,,,,,,,
xrp-updown-15m-1782313200,XRP,,,2026-06-24T15:00:00Z,,,,,,,,,,,,,
bnb-updown-15m-1782314100,BNB,,,2026-06-24T15:15:00Z,,,,,,,,,,,,,
btc-updown-15m-1782314100,BTC,,,2026-06-24T15:15:00Z,,,,,,,,,,,,,
doge-updown-15m-1782314100,DOGE,,,2026-06-24T15:15:00Z,,,,,,,,,,,,,
eth-updown-15m-1782314100,ETH,,,2026-06-24T15:15:00Z,,,,,,,,,,,,,
hype-updown-15m-1782314100,HYPE,,,2026-06-24T15:15:00Z,,,,,,,,,,,,,
sol-updown-15m-1782314100,SOL,,,2026-06-24T15:15:00Z,,,,,,,,,,,,,
xrp-updown-15m-1782314100,XRP,,,2026-06-24T15:15:00Z,,,,,,,,,,,,,
bnb-updown-15m-1782315000,BNB,,,2026-06-24T15:30:00Z,,,,,,,,,,,,,
btc-updown-15m-1782315000,BTC,,,2026-06-24T15:30:00Z,,,,,,,,,,,,,
doge-updown-15m-1782315000,DOGE,,,2026-06-24T15:30:00Z,,,,,,,,,,,,,
eth-updown-15m-1782315000,ETH,,,2026-06-24T15:30:00Z,,,,,,,,,,,,,
hype-updown-15m-1782315000,HYPE,,,2026-06-24T15:30:00Z,,,,,,,,,,,,,
sol-updown-15m-1782315000,SOL,,,2026-06-24T15:30:00Z,,,,,,,,,,,,,
xrp-updown-15m-1782315000,XRP,,,2026-06-24T15:30:00Z,,,,,,,,,,,,,
bnb-updown-15m-1782315900,BNB,,,2026-06-24T15:45:00Z,,,,,,,,,,,,,
btc-updown-15m-1782315900,BTC,,,2026-06-24T15:45:00Z,,,,,,,,,,,,,
doge-updown-15m-1782315900,DOGE,,,2026-06-24T15:45:00Z,,,,,,,,,,,,,
eth-updown-15m-1782315900,ETH,,,2026-06-24T15:45:00Z,,,,,,,,,,,,,
hype-updown-15m-1782315900,HYPE,,,2026-06-24T15:45:00Z,,,,,,,,,,,,,
sol-updown-15m-1782315900,SOL,,,2026-06-24T15:45:00Z,,,,,,,,,,,,,
xrp-updown-15m-1782315900,XRP,,,2026-06-24T15:45:00Z,,,,,,,,,,,,,
bnb-updown-15m-1782316800,BNB,,,2026-06-24T16:00:00Z,,,,,,,,,,,,,
btc-updown-15m-1782316800,BTC,,,2026-06-24T16:00:00Z,,,,,,,,,,,,,
doge-updown-15m-1782316800,DOGE,,,2026-06-24T16:00:00Z,,,,,,,,,,,,,
eth-updown-15m-1782316800,ETH,,,2026-06-24T16:00:00Z,,,,,,,,,,,,,
hype-updown-15m-1782316800,HYPE,,,2026-06-24T16:00:00Z,,,,,,,,,,,,,
sol-updown-15m-1782316800,SOL,,,2026-06-24T16:00:00Z,,,,,,,,,,,,,
xrp-updown-15m-1782316800,XRP,,,2026-06-24T16:00:00Z,,,,,,,,,,,,,
bnb-updown-15m-1782317700,BNB,,,2026-06-24T16:15:00Z,,,,,,,,,,,,,
btc-updown-15m-1782317700,BTC,,,2026-06-24T16:15:00Z,,,,,,,,,,,,,
doge-updown-15m-1782317700,DOGE,,,2026-06-24T16:15:00Z,,,,,,,,,,,,,
eth-updown-15m-1782317700,ETH,,,2026-06-24T16:15:00Z,,,,,,,,,,,,,
hype-updown-15m-1782317700,HYPE,,,2026-06-24T16:15:00Z,,,,,,,,,,,,,
sol-updown-15m-1782317700,SOL,,,2026-06-24T16:15:00Z,,,,,,,,,,,,,
xrp-updown-15m-1782317700,XRP,,,2026-06-24T16:15:00Z,,,,,,,,,,,,,
bnb-updown-15m-1782318600,BNB,,,2026-06-24T16:30:00Z,,,,,,,,,,,,,
btc-updown-15m-1782318600,BTC,,,2026-06-24T16:30:00Z,,,,,,,,,,,,,
doge-updown-15m-1782318600,DOGE,,,2026-06-24T16:30:00Z,,,,,,,,,,,,,
eth-updown-15m-1782318600,ETH,,,2026-06-24T16:30:00Z,,,,,,,,,,,,,
hype-updown-15m-1782318600,HYPE,,,2026-06-24T16:30:00Z,,,,,,,,,,,,,
sol-updown-15m-1782318600,SOL,,,2026-06-24T16:30:00Z,,,,,,,,,,,,,
xrp-updown-15m-1782318600,XRP,,,2026-06-24T16:30:00Z,,,,,,,,,,,,,
bnb-updown-15m-1782319500,BNB,,,2026-06-24T16:45:00Z,,,,,,,,,,,,,
btc-updown-15m-1782319500,BTC,,,2026-06-24T16:45:00Z,,,,,,,,,,,,,
doge-updown-15m-1782319500,DOGE,,,2026-06-24T16:45:00Z,,,,,,,,,,,,,
eth-updown-15m-1782319500,ETH,,,2026-06-24T16:45:00Z,,,,,,,,,,,,,
hype-updown-15m-1782319500,HYPE,,,2026-06-24T16:45:00Z,,,,,,,,,,,,,
sol-updown-15m-1782319500,SOL,,,2026-06-24T16:45:00Z,,,,,,,,,,,,,
xrp-updown-15m-1782319500,XRP,,,2026-06-24T16:45:00Z,,,,,,,,,,,,,
bnb-updown-15m-1782320400,BNB,,,2026-06-24T17:00:00Z,,,,,,,,,,,,,
btc-updown-15m-1782320400,BTC,,,2026-06-24T17:00:00Z,,,,,,,,,,,,,
doge-updown-15m-1782320400,DOGE,,,2026-06-24T17:00:00Z,,,,,,,,,,,,,
eth-updown-15m-1782320400,ETH,,,2026-06-24T17:00:00Z,,,,,,,,,,,,,
hype-updown-15m-1782320400,HYPE,,,2026-06-24T17:00:00Z,,,,,,,,,,,,,
sol-updown-15m-1782320400,SOL,,,2026-06-24T17:00:00Z,,,,,,,,,,,,,
xrp-updown-15m-1782320400,XRP,,,2026-06-24T17:00:00Z,,,,,,,,,,,,,
bnb-updown-15m-1782321300,BNB,,,2026-06-24T17:15:00Z,,,,,,,,,,,,,
btc-updown-15m-1782321300,BTC,,,2026-06-24T17:15:00Z,,,,,,,,,,,,,
doge-updown-15m-1782321300,DOGE,,,2026-06-24T17:15:00Z,,,,,,,,,,,,,
eth-updown-15m-1782321300,ETH,,,2026-06-24T17:15:00Z,,,,,,,,,,,,,
hype-updown-15m-1782321300,HYPE,,,2026-06-24T17:15:00Z,,,,,,,,,,,,,
sol-updown-15m-1782321300,SOL,,,2026-06-24T17:15:00Z,,,,,,,,,,,,,
xrp-updown-15m-1782321300,XRP,,,2026-06-24T17:15:00Z,,,,,,,,,,,,,
bnb-updown-15m-1782322200,BNB,,,2026-06-24T17:30:00Z,,,,,,,,,,,,,
btc-updown-15m-1782322200,BTC,,,2026-06-24T17:30:00Z,,,,,,,,,,,,,
doge-updown-15m-1782322200,DOGE,,,2026-06-24T17:30:00Z,,,,,,,,,,,,,
eth-updown-15m-1782322200,ETH,,,2026-06-24T17:30:00Z,,,,,,,,,,,,,
hype-updown-15m-1782322200,HYPE,,,2026-06-24T17:30:00Z,,,,,,,,,,,,,
sol-updown-15m-1782322200,SOL,,,2026-06-24T17:30:00Z,,,,,,,,,,,,,
xrp-updown-15m-1782322200,XRP,,,2026-06-24T17:30:00Z,,,,,,,,,,,,,
bnb-updown-15m-1782323100,BNB,,,2026-06-24T17:45:00Z,,,,,,,,,,,,,
btc-updown-15m-1782323100,BTC,,,2026-06-24T17:45:00Z,,,,,,,,,,,,,
doge-updown-15m-1782323100,DOGE,,,2026-06-24T17:45:00Z,,,,,,,,,,,,,
eth-updown-15m-1782323100,ETH,,,2026-06-24T17:45:00Z,,,,,,,,,,,,,
hype-updown-15m-1782323100,HYPE,,,2026-06-24T17:45:00Z,,,,,,,,,,,,,
sol-updown-15m-1782323100,SOL,,,2026-06-24T17:45:00Z,,,,,,,,,,,,,
xrp-updown-15m-1782323100,XRP,,,2026-06-24T17:45:00Z,,,,,,,,,,,,,
bnb-updown-15m-1782324000,BNB,,,2026-06-24T18:00:00Z,,,,,,,,,,,,,
btc-updown-15m-1782324000,BTC,,,2026-06-24T18:00:00Z,,,,,,,,,,,,,
doge-updown-15m-1782324000,DOGE,,,2026-06-24T18:00:00Z,,,,,,,,,,,,,
eth-updown-15m-1782324000,ETH,,,2026-06-24T18:00:00Z,,,,,,,,,,,,,
hype-updown-15m-1782324000,HYPE,,,2026-06-24T18:00:00Z,,,,,,,,,,,,,
sol-updown-15m-1782324000,SOL,,,2026-06-24T18:00:00Z,,,,,,,,,,,,,
xrp-updown-15m-1782324000,XRP,,,2026-06-24T18:00:00Z,,,,,,,,,,,,,
bnb-updown-15m-1782324900,BNB,,,2026-06-24T18:15:00Z,,,,,,,,,,,,,
btc-updown-15m-1782324900,BTC,,,2026-06-24T18:15:00Z,,,,,,,,,,,,,
doge-updown-15m-1782324900,DOGE,,,2026-06-24T18:15:00Z,,,,,,,,,,,,,
eth-updown-15m-1782324900,ETH,,,2026-06-24T18:15:00Z,,,,,,,,,,,,,
hype-updown-15m-1782324900,HYPE,,,2026-06-24T18:15:00Z,,,,,,,,,,,,,
sol-updown-15m-1782324900,SOL,,,2026-06-24T18:15:00Z,,,,,,,,,,,,,
xrp-updown-15m-1782324900,XRP,,,2026-06-24T18:15:00Z,,,,,,,,,,,,,
bnb-updown-15m-1782325800,BNB,,,2026-06-24T18:30:00Z,,,,,,,,,,,,,
btc-updown-15m-1782325800,BTC,,,2026-06-24T18:30:00Z,,,,,,,,,,,,,
doge-updown-15m-1782325800,DOGE,,,2026-06-24T18:30:00Z,,,,,,,,,,,,,
eth-updown-15m-1782325800,ETH,,,2026-06-24T18:30:00Z,,,,,,,,,,,,,
hype-updown-15m-1782325800,HYPE,,,2026-06-24T18:30:00Z,,,,,,,,,,,,,
sol-updown-15m-1782325800,SOL,,,2026-06-24T18:30:00Z,,,,,,,,,,,,,
xrp-updown-15m-1782325800,XRP,,,2026-06-24T18:30:00Z,,,,,,,,,,,,,
bnb-updown-15m-1782326700,BNB,,,2026-06-24T18:45:00Z,,,,,,,,,,,,,
btc-updown-15m-1782326700,BTC,,,2026-06-24T18:45:00Z,,,,,,,,,,,,,
doge-updown-15m-1782326700,DOGE,,,2026-06-24T18:45:00Z,,,,,,,,,,,,,
eth-updown-15m-1782326700,ETH,,,2026-06-24T18:45:00Z,,,,,,,,,,,,,
hype-updown-15m-1782326700,HYPE,,,2026-06-24T18:45:00Z,,,,,,,,,,,,,
sol-updown-15m-1782326700,SOL,,,2026-06-24T18:45:00Z,,,,,,,,,,,,,
xrp-updown-15m-1782326700,XRP,,,2026-06-24T18:45:00Z,,,,,,,,,,,,,
bnb-updown-15m-1782327600,BNB,,,2026-06-24T19:00:00Z,,,,,,,,,,,,,
btc-updown-15m-1782327600,BTC,,,2026-06-24T19:00:00Z,,,,,,,,,,,,,
doge-updown-15m-1782327600,DOGE,,,2026-06-24T19:00:00Z,,,,,,,,,,,,,
eth-updown-15m-1782327600,ETH,,,2026-06-24T19:00:00Z,,,,,,,,,,,,,
hype-updown-15m-1782327600,HYPE,,,2026-06-24T19:00:00Z,,,,,,,,,,,,,
sol-updown-15m-1782327600,SOL,,,2026-06-24T19:00:00Z,,,,,,,,,,,,,
xrp-updown-15m-1782327600,XRP,,,2026-06-24T19:00:00Z,,,,,,,,,,,,,
bnb-updown-15m-1782328500,BNB,,,2026-06-24T19:15:00Z,,,,,,,,,,,,,
btc-updown-15m-1782328500,BTC,,,2026-06-24T19:15:00Z,,,,,,,,,,,,,
doge-updown-15m-1782328500,DOGE,,,2026-06-24T19:15:00Z,,,,,,,,,,,,,
eth-updown-15m-1782328500,ETH,,,2026-06-24T19:15:00Z,,,,,,,,,,,,,
hype-updown-15m-1782328500,HYPE,,,2026-06-24T19:15:00Z,,,,,,,,,,,,,
sol-updown-15m-1782328500,SOL,,,2026-06-24T19:15:00Z,,,,,,,,,,,,,
xrp-updown-15m-1782328500,XRP,,,2026-06-24T19:15:00Z,,,,,,,,,,,,,
bnb-updown-15m-1782329400,BNB,,,2026-06-24T19:30:00Z,,,,,,,,,,,,,
btc-updown-15m-1782329400,BTC,,,2026-06-24T19:30:00Z,,,,,,,,,,,,,
doge-updown-15m-1782329400,DOGE,,,2026-06-24T19:30:00Z,,,,,,,,,,,,,
eth-updown-15m-1782329400,ETH,,,2026-06-24T19:30:00Z,,,,,,,,,,,,,
hype-updown-15m-1782329400,HYPE,,,2026-06-24T19:30:00Z,,,,,,,,,,,,,
sol-updown-15m-1782329400,SOL,,,2026-06-24T19:30:00Z,,,,,,,,,,,,,
xrp-updown-15m-1782329400,XRP,,,2026-06-24T19:30:00Z,,,,,,,,,,,,,
bnb-updown-15m-1782330300,BNB,,,2026-06-24T19:45:00Z,,,,,,,,,,,,,
btc-updown-15m-1782330300,BTC,,,2026-06-24T19:45:00Z,,,,,,,,,,,,,
doge-updown-15m-1782330300,DOGE,,,2026-06-24T19:45:00Z,,,,,,,,,,,,,
eth-updown-15m-1782330300,ETH,,,2026-06-24T19:45:00Z,,,,,,,,,,,,,
hype-updown-15m-1782330300,HYPE,,,2026-06-24T19:45:00Z,,,,,,,,,,,,,
sol-updown-15m-1782330300,SOL,,,2026-06-24T19:45:00Z,,,,,,,,,,,,,
xrp-updown-15m-1782330300,XRP,,,2026-06-24T19:45:00Z,,,,,,,,,,,,,
bnb-updown-15m-1782331200,BNB,,,2026-06-24T20:00:00Z,,,,,,,,,,,,,
btc-updown-15m-1782331200,BTC,,,2026-06-24T20:00:00Z,,,,,,,,,,,,,
doge-updown-15m-1782331200,DOGE,,,2026-06-24T20:00:00Z,,,,,,,,,,,,,
eth-updown-15m-1782331200,ETH,,,2026-06-24T20:00:00Z,,,,,,,,,,,,,
hype-updown-15m-1782331200,HYPE,,,2026-06-24T20:00:00Z,,,,,,,,,,,,,
sol-updown-15m-1782331200,SOL,,,2026-06-24T20:00:00Z,,,,,,,,,,,,,
xrp-updown-15m-1782331200,XRP,,,2026-06-24T20:00:00Z,,,,,,,,,,,,,
bnb-updown-15m-1782332100,BNB,,,2026-06-24T20:15:00Z,,,,,,,,,,,,,
btc-updown-15m-1782332100,BTC,,,2026-06-24T20:15:00Z,,,,,,,,,,,,,
doge-updown-15m-1782332100,DOGE,,,2026-06-24T20:15:00Z,,,,,,,,,,,,,
eth-updown-15m-1782332100,ETH,,,2026-06-24T20:15:00Z,,,,,,,,,,,,,
hype-updown-15m-1782332100,HYPE,,,2026-06-24T20:15:00Z,,,,,,,,,,,,,
sol-updown-15m-1782332100,SOL,,,2026-06-24T20:15:00Z,,,,,,,,,,,,,
xrp-updown-15m-1782332100,XRP,,,2026-06-24T20:15:00Z,,,,,,,,,,,,,
bnb-updown-15m-1782333000,BNB,,,2026-06-24T20:30:00Z,,,,,,,,,,,,,
btc-updown-15m-1782333000,BTC,,,2026-06-24T20:30:00Z,,,,,,,,,,,,,
doge-updown-15m-1782333000,DOGE,,,2026-06-24T20:30:00Z,,,,,,,,,,,,,
eth-updown-15m-1782333000,ETH,,,2026-06-24T20:30:00Z,,,,,,,,,,,,,
hype-updown-15m-1782333000,HYPE,,,2026-06-24T20:30:00Z,,,,,,,,,,,,,
sol-updown-15m-1782333000,SOL,,,2026-06-24T20:30:00Z,,,,,,,,,,,,,
xrp-updown-15m-1782333000,XRP,,,2026-06-24T20:30:00Z,,,,,,,,,,,,,
bnb-updown-15m-1782333900,BNB,,,2026-06-24T20:45:00Z,,,,,,,,,,,,,
btc-updown-15m-1782333900,BTC,,,2026-06-24T20:45:00Z,,,,,,,,,,,,,
doge-updown-15m-1782333900,DOGE,,,2026-06-24T20:45:00Z,,,,,,,,,,,,,
eth-updown-15m-1782333900,ETH,,,2026-06-24T20:45:00Z,,,,,,,,,,,,,
hype-updown-15m-1782333900,HYPE,,,2026-06-24T20:45:00Z,,,,,,,,,,,,,
sol-updown-15m-1782333900,SOL,,,2026-06-24T20:45:00Z,,,,,,,,,,,,,
xrp-updown-15m-1782333900,XRP,,,2026-06-24T20:45:00Z,,,,,,,,,,,,,
bnb-updown-15m-1782334800,BNB,,,2026-06-24T21:00:00Z,,,,,,,,,,,,,
btc-updown-15m-1782334800,BTC,,,2026-06-24T21:00:00Z,,,,,,,,,,,,,
doge-updown-15m-1782334800,DOGE,,,2026-06-24T21:00:00Z,,,,,,,,,,,,,
eth-updown-15m-1782334800,ETH,,,2026-06-24T21:00:00Z,,,,,,,,,,,,,
hype-updown-15m-1782334800,HYPE,,,2026-06-24T21:00:00Z,,,,,,,,,,,,,
sol-updown-15m-1782334800,SOL,,,2026-06-24T21:00:00Z,,,,,,,,,,,,,
xrp-updown-15m-1782334800,XRP,,,2026-06-24T21:00:00Z,,,,,,,,,,,,,
bnb-updown-15m-1782335700,BNB,,,2026-06-24T21:15:00Z,,,,,,,,,,,,,
btc-updown-15m-1782335700,BTC,,,2026-06-24T21:15:00Z,,,,,,,,,,,,,
doge-updown-15m-1782335700,DOGE,,,2026-06-24T21:15:00Z,,,,,,,,,,,,,
eth-updown-15m-1782335700,ETH,,,2026-06-24T21:15:00Z,,,,,,,,,,,,,
hype-updown-15m-1782335700,HYPE,,,2026-06-24T21:15:00Z,,,,,,,,,,,,,
sol-updown-15m-1782335700,SOL,,,2026-06-24T21:15:00Z,,,,,,,,,,,,,
xrp-updown-15m-1782335700,XRP,,,2026-06-24T21:15:00Z,,,,,,,,,,,,,
bnb-updown-15m-1782336600,BNB,,,2026-06-24T21:30:00Z,,,,,,,,,,,,,
btc-updown-15m-1782336600,BTC,,,2026-06-24T21:30:00Z,,,,,,,,,,,,,
doge-updown-15m-1782336600,DOGE,,,2026-06-24T21:30:00Z,,,,,,,,,,,,,
eth-updown-15m-1782336600,ETH,,,2026-06-24T21:30:00Z,,,,,,,,,,,,,
hype-updown-15m-1782336600,HYPE,,,2026-06-24T21:30:00Z,,,,,,,,,,,,,
sol-updown-15m-1782336600,SOL,,,2026-06-24T21:30:00Z,,,,,,,,,,,,,
xrp-updown-15m-1782336600,XRP,,,2026-06-24T21:30:00Z,,,,,,,,,,,,,
bnb-updown-15m-1782337500,BNB,,,2026-06-24T21:45:00Z,,,,,,,,,,,,,
btc-updown-15m-1782337500,BTC,,,2026-06-24T21:45:00Z,,,,,,,,,,,,,
doge-updown-15m-1782337500,DOGE,,,2026-06-24T21:45:00Z,,,,,,,,,,,,,
eth-updown-15m-1782337500,ETH,,,2026-06-24T21:45:00Z,,,,,,,,,,,,,
hype-updown-15m-1782337500,HYPE,,,2026-06-24T21:45:00Z,,,,,,,,,,,,,
sol-updown-15m-1782337500,SOL,,,2026-06-24T21:45:00Z,,,,,,,,,,,,,
xrp-updown-15m-1782337500,XRP,,,2026-06-24T21:45:00Z,,,,,,,,,,,,,
bnb-updown-15m-1782338400,BNB,,,2026-06-24T22:00:00Z,,,,,,,,,,,,,
btc-updown-15m-1782338400,BTC,,,2026-06-24T22:00:00Z,,,,,,,,,,,,,
doge-updown-15m-1782338400,DOGE,,,2026-06-24T22:00:00Z,,,,,,,,,,,,,
eth-updown-15m-1782338400,ETH,,,2026-06-24T22:00:00Z,,,,,,,,,,,,,
hype-updown-15m-1782338400,HYPE,,,2026-06-24T22:00:00Z,,,,,,,,,,,,,
sol-updown-15m-1782338400,SOL,,,2026-06-24T22:00:00Z,,,,,,,,,,,,,
xrp-updown-15m-1782338400,XRP,,,2026-06-24T22:00:00Z,,,,,,,,,,,,,
bnb-updown-15m-1782339300,BNB,,,2026-06-24T22:15:00Z,,,,,,,,,,,,,
btc-updown-15m-1782339300,BTC,,,2026-06-24T22:15:00Z,,,,,,,,,,,,,
doge-updown-15m-1782339300,DOGE,,,2026-06-24T22:15:00Z,,,,,,,,,,,,,
eth-updown-15m-1782339300,ETH,,,2026-06-24T22:15:00Z,,,,,,,,,,,,,
hype-updown-15m-1782339300,HYPE,,,2026-06-24T22:15:00Z,,,,,,,,,,,,,
sol-updown-15m-1782339300,SOL,,,2026-06-24T22:15:00Z,,,,,,,,,,,,,
xrp-updown-15m-1782339300,XRP,,,2026-06-24T22:15:00Z,,,,,,,,,,,,,
bnb-updown-15m-1782340200,BNB,,,2026-06-24T22:30:00Z,,,,,,,,,,,,,
btc-updown-15m-1782340200,BTC,,,2026-06-24T22:30:00Z,,,,,,,,,,,,,
doge-updown-15m-1782340200,DOGE,,,2026-06-24T22:30:00Z,,,,,,,,,,,,,
eth-updown-15m-1782340200,ETH,,,2026-06-24T22:30:00Z,,,,,,,,,,,,,
hype-updown-15m-1782340200,HYPE,,,2026-06-24T22:30:00Z,,,,,,,,,,,,,
sol-updown-15m-1782340200,SOL,,,2026-06-24T22:30:00Z,,,,,,,,,,,,,
xrp-updown-15m-1782340200,XRP,,,2026-06-24T22:30:00Z,,,,,,,,,,,,,
bnb-updown-15m-1782341100,BNB,,,2026-06-24T22:45:00Z,,,,,,,,,,,,,
btc-updown-15m-1782341100,BTC,,,2026-06-24T22:45:00Z,,,,,,,,,,,,,
doge-updown-15m-1782341100,DOGE,,,2026-06-24T22:45:00Z,,,,,,,,,,,,,
eth-updown-15m-1782341100,ETH,,,2026-06-24T22:45:00Z,,,,,,,,,,,,,
hype-updown-15m-1782341100,HYPE,,,2026-06-24T22:45:00Z,,,,,,,,,,,,,
sol-updown-15m-1782341100,SOL,,,2026-06-24T22:45:00Z,,,,,,,,,,,,,
xrp-updown-15m-1782341100,XRP,,,2026-06-24T22:45:00Z,,,,,,,,,,,,,
bnb-updown-15m-1782342000,BNB,,,2026-06-24T23:00:00Z,,,,,,,,,,,,,
btc-updown-15m-1782342000,BTC,,,2026-06-24T23:00:00Z,,,,,,,,,,,,,
doge-updown-15m-1782342000,DOGE,,,2026-06-24T23:00:00Z,,,,,,,,,,,,,
eth-updown-15m-1782342000,ETH,,,2026-06-24T23:00:00Z,,,,,,,,,,,,,
hype-updown-15m-1782342000,HYPE,,,2026-06-24T23:00:00Z,,,,,,,,,,,,,
sol-updown-15m-1782342000,SOL,,,2026-06-24T23:00:00Z,,,,,,,,,,,,,
xrp-updown-15m-1782342000,XRP,,,2026-06-24T23:00:00Z,,,,,,,,,,,,,
bnb-updown-15m-1782342900,BNB,,,2026-06-24T23:15:00Z,,,,,,,,,,,,,
btc-updown-15m-1782342900,BTC,,,2026-06-24T23:15:00Z,,,,,,,,,,,,,
doge-updown-15m-1782342900,DOGE,,,2026-06-24T23:15:00Z,,,,,,,,,,,,,
eth-updown-15m-1782342900,ETH,,,2026-06-24T23:15:00Z,,,,,,,,,,,,,
hype-updown-15m-1782342900,HYPE,,,2026-06-24T23:15:00Z,,,,,,,,,,,,,
sol-updown-15m-1782342900,SOL,,,2026-06-24T23:15:00Z,,,,,,,,,,,,,
xrp-updown-15m-1782342900,XRP,,,2026-06-24T23:15:00Z,,,,,,,,,,,,,
bnb-updown-15m-1782343800,BNB,,,2026-06-24T23:30:00Z,,,,,,,,,,,,,
btc-updown-15m-1782343800,BTC,,,2026-06-24T23:30:00Z,,,,,,,,,,,,,
doge-updown-15m-1782343800,DOGE,,,2026-06-24T23:30:00Z,,,,,,,,,,,,,
eth-updown-15m-1782343800,ETH,,,2026-06-24T23:30:00Z,,,,,,,,,,,,,
hype-updown-15m-1782343800,HYPE,,,2026-06-24T23:30:00Z,,,,,,,,,,,,,
sol-updown-15m-1782343800,SOL,,,2026-06-24T23:30:00Z,,,,,,,,,,,,,
xrp-updown-15m-1782343800,XRP,,,2026-06-24T23:30:00Z,,,,,,,,,,,,,
bnb-updown-15m-1782344700,BNB,,,2026-06-24T23:45:00Z,,,,,,,,,,,,,
btc-updown-15m-1782344700,BTC,,,2026-06-24T23:45:00Z,,,,,,,,,,,,,
doge-updown-15m-1782344700,DOGE,,,2026-06-24T23:45:00Z,,,,,,,,,,,,,
eth-updown-15m-1782344700,ETH,,,2026-06-24T23:45:00Z,,,,,,,,,,,,,
hype-updown-15m-1782344700,HYPE,,,2026-06-24T23:45:00Z,,,,,,,,,,,,,
sol-updown-15m-1782344700,SOL,,,2026-06-24T23:45:00Z,,,,,,,,,,,,,
xrp-updown-15m-1782344700,XRP,,,2026-06-24T23:45:00Z,,,,,,,,,,,,,
